stage,seconds
load_inputs,0.05662630000006175
dataset_summary,0.035814000002574176
prediction,5.229308199996012
hotspot,0.062202500004787
routing_and_ablation,5867.323564599996
figures,4.3872341999958735
